{
  "version": "1.1.1",
  "windows": {
    "main": {
      "main": true,
      "url": "app://editor/index.html",
      "windowType": "dockable",
      "x": 0,
      "y": 23,
      "width": 1680,
      "height": 977,
      "layout": {
        "children": [
          {
            "children": [
              {
                "active": 0,
                "children": [
                  "hierarchy"
                ],
                "height": 419,
                "type": "panel",
                "width": 268
              },
              {
                "active": 0,
                "children": [
                  "assets"
                ],
                "height": 474,
                "type": "panel",
                "width": 268
              }
            ],
            "height": 895,
            "type": "dock-v",
            "width": 268
          },
          {
            "children": [
              {
                "children": [
                  {
                    "active": 0,
                    "children": [
                      "scene"
                    ],
                    "height": 474,
                    "type": "panel",
                    "width": 664
                  },
                  {
                    "active": 0,
                    "children": [
                      "node-library"
                    ],
                    "height": 474,
                    "type": "panel",
                    "width": 347
                  }
                ],
                "height": 474,
                "type": "dock-h",
                "width": 1013
              },
              {
                "active": 0,
                "children": [
                  "console",
                  "timeline",
                  "game-window"
                ],
                "height": 419,
                "type": "panel",
                "width": 1013
              }
            ],
            "height": 895,
            "type": "dock-v",
            "width": 1013
          },
          {
            "active": 0,
            "children": [
              "inspector",
              "cocos-services"
            ],
            "height": 895,
            "type": "panel",
            "width": 395
          }
        ],
        "type": "dock-h"
      },
      "panels": [
        "hierarchy",
        "assets",
        "node-library",
        "console",
        "timeline",
        "game-window",
        "inspector",
        "cocos-services",
        "scene"
      ]
    }
  },
  "panels": {
    "package-asset.import": {
      "x": 491,
      "y": 220,
      "width": 454,
      "height": 558
    }
  }
}