{
  "f8e6b000-5643-4b86-9080-aa680ce1f599": {
    "asset": 1556550220000,
    "meta": 1556550220000,
    "relativePath": "image"
  },
  "71561142-4c83-4933-afca-cb7a17f67053": {
    "asset": 1556550220000,
    "meta": 1559147207919,
    "relativePath": "image/default_btn_disabled.png"
  },
  "e851e89b-faa2-4484-bea6-5c01dd9f06e2": {
    "asset": 1556550220000,
    "meta": 1559147207920,
    "relativePath": "image/default_btn_normal.png"
  },
  "b43ff3c2-02bb-4874-81f7-f2dea6970f18": {
    "asset": 1556550220000,
    "meta": 1559147207928,
    "relativePath": "image/default_btn_pressed.png"
  },
  "edd215b9-2796-4a05-aaf5-81f96c9281ce": {
    "asset": 1556550220000,
    "meta": 1559147207929,
    "relativePath": "image/default_editbox_bg.png"
  },
  "99170b0b-d210-46f1-b213-7d9e3f23098a": {
    "asset": 1556550220000,
    "meta": 1559147207937,
    "relativePath": "image/default_progressbar_bg.png"
  },
  "d81ec8ad-247c-4e62-aa3c-d35c4193c7af": {
    "asset": 1556550220000,
    "meta": 1559147207938,
    "relativePath": "image/default_panel.png"
  },
  "cfef78f1-c8df-49b7-8ed0-4c953ace2621": {
    "asset": 1556550220000,
    "meta": 1559147207946,
    "relativePath": "image/default_progressbar.png"
  },
  "567dcd80-8bf4-4535-8a5a-313f1caf078a": {
    "asset": 1556550220000,
    "meta": 1559147207947,
    "relativePath": "image/default_radio_button_off.png"
  },
  "4bab67cb-18e6-4099-b840-355f0473f890": {
    "asset": 1556550220000,
    "meta": 1559147207956,
    "relativePath": "image/default_scrollbar_bg.png"
  },
  "9d60001f-b5f4-4726-a629-2659e3ded0b8": {
    "asset": 1556550220000,
    "meta": 1559147207956,
    "relativePath": "image/default_radio_button_on.png"
  },
  "617323dd-11f4-4dd3-8eec-0caf6b3b45b9": {
    "asset": 1556550220000,
    "meta": 1559147207965,
    "relativePath": "image/default_scrollbar_vertical_bg.png"
  },
  "d6d3ca85-4681-47c1-b5dd-d036a9d39ea2": {
    "asset": 1556550220000,
    "meta": 1559147207966,
    "relativePath": "image/default_scrollbar_vertical.png"
  },
  "0291c134-b3da-4098-b7b5-e397edbe947f": {
    "asset": 1556550220000,
    "meta": 1559147207972,
    "relativePath": "image/default_scrollbar.png"
  },
  "0275e94c-56a7-410f-bd1a-fc7483f7d14a": {
    "asset": 1556550220000,
    "meta": 1559147207973,
    "relativePath": "image/default_sprite_splash.png"
  },
  "6e056173-d285-473c-b206-40a7fff5386e": {
    "asset": 1556550220000,
    "meta": 1559147207981,
    "relativePath": "image/default_sprite.png"
  },
  "73a0903d-d80e-4e3c-aa67-f999543c08f5": {
    "asset": 1556550220000,
    "meta": 1559147207982,
    "relativePath": "image/default_toggle_checkmark.png"
  },
  "c25b9d50-c8fc-4d27-beeb-6e7c1f2e5c0f": {
    "asset": 1556550220000,
    "meta": 1559147207989,
    "relativePath": "image/default_toggle_disabled.png"
  },
  "d29077ba-1627-4a72-9579-7b56a235340c": {
    "asset": 1556550220000,
    "meta": 1559147207990,
    "relativePath": "image/default_toggle_normal.png"
  },
  "fc09f9bd-2cce-4605-b630-8145ef809ed6": {
    "asset": 1556550220000,
    "meta": 1556550220000,
    "relativePath": "misc"
  },
  "2be36297-9abb-4fee-8049-9ed5e271da8a": {
    "asset": 1556550220000,
    "meta": 1559147207994,
    "relativePath": "misc/default_video.mp4"
  },
  "db019bf7-f71c-4111-98cf-918ea180cb48": {
    "asset": 1556550220000,
    "meta": 1556550220000,
    "relativePath": "model"
  },
  "e39e96e6-6f6e-413f-bcf1-ac7679bb648a": {
    "asset": 1556550220000,
    "meta": 1556550220000,
    "relativePath": "model/prefab"
  },
  "b181c1e4-0a72-4a91-bfb0-ae6f36ca60bd": {
    "asset": 1556550220000,
    "meta": 1559147207996,
    "relativePath": "image/default_toggle_pressed.png"
  },
  "a87cc147-01b2-43f8-8e42-a7ca90b0c757": {
    "asset": 1556550220000,
    "meta": 1559147208000,
    "relativePath": "model/prefab/box.prefab"
  },
  "fe1417b6-fe6b-46a4-ae7c-9fd331f33a2a": {
    "asset": 1556550220000,
    "meta": 1559147208001,
    "relativePath": "model/prefab/capsule.prefab"
  },
  "b5fc2cf2-7942-483d-be1f-bbeadc4714ad": {
    "asset": 1556550220000,
    "meta": 1559147208002,
    "relativePath": "model/prefab/cone.prefab"
  },
  "1c5e4038-953a-44c2-b620-0bbfc6170477": {
    "asset": 1556550220000,
    "meta": 1559147208004,
    "relativePath": "model/prefab/cylinder.prefab"
  },
  "3f376125-a699-40ca-ad05-04d662eaa1f2": {
    "asset": 1556550220000,
    "meta": 1559147208005,
    "relativePath": "model/prefab/plane.prefab"
  },
  "6c9ef10d-b479-420b-bfe6-39cdda6a8ae0": {
    "asset": 1556550220000,
    "meta": 1559147208006,
    "relativePath": "model/prefab/quad.prefab"
  },
  "2d9a4b85-b0ab-4c46-84c5-18f393ab2058": {
    "asset": 1556550220000,
    "meta": 1559147208007,
    "relativePath": "model/prefab/sphere.prefab"
  },
  "de510076-056b-484f-b94c-83bef217d0e1": {
    "asset": 1556550220000,
    "meta": 1559147208036,
    "relativePath": "model/prefab/torus.prefab"
  },
  "f6e6dd15-71d1-4ffe-ace7-24fd39942c05": {
    "asset": 1556550220000,
    "meta": 1556550220000,
    "relativePath": "obsolete"
  },
  "8a96b965-2dc0-4e03-aa90-3b79cb93b5b4": {
    "asset": 1556550220000,
    "meta": 1559147208046,
    "relativePath": "obsolete/atom.png"
  },
  "f743d2b6-b7ea-4c14-a55b-547ed4d0a045": {
    "asset": 1556550220000,
    "meta": 1556550220000,
    "relativePath": "particle"
  },
  "b8223619-7e38-47c4-841f-9160c232495a": {
    "asset": 1556550220000,
    "meta": 1559147208385,
    "relativePath": "obsolete/atom.plist"
  },
  "d0a82d39-bede-46c4-b698-c81ff0dedfff": {
    "asset": 1556550220000,
    "meta": 1559147208054,
    "relativePath": "particle/atom.png"
  },
  "ae6c6c98-11e4-452f-8758-75f5c6a56e83": {
    "asset": 1556550220000,
    "meta": 1556550220000,
    "relativePath": "prefab"
  },
  "972b9a4d-47ee-4c74-b5c3-61d8a69bc29f": {
    "asset": 1556550220000,
    "meta": 1559147208056,
    "relativePath": "prefab/button.prefab"
  },
  "b2687ac4-099e-403c-a192-ff477686f4f5": {
    "asset": 1556550220000,
    "meta": 1559147208389,
    "relativePath": "particle/atom.plist"
  },
  "897ef7a1-4860-4f64-968d-f5924b18668a": {
    "asset": 1556550220000,
    "meta": 1559147208057,
    "relativePath": "prefab/camera.prefab"
  },
  "2c937608-2562-40ea-b264-7395df6f0cea": {
    "asset": 1556550220000,
    "meta": 1559147208059,
    "relativePath": "prefab/canvas.prefab"
  },
  "61aeb05b-3b32-452b-8eed-2b76deeed554": {
    "asset": 1556550220000,
    "meta": 1559147208060,
    "relativePath": "prefab/editbox.prefab"
  },
  "27756ebb-3d33-44b0-9b96-e858fadd4dd4": {
    "asset": 1556550220000,
    "meta": 1559147208061,
    "relativePath": "prefab/label.prefab"
  },
  "785a442c-3ceb-45be-a46e-7317f625f3b9": {
    "asset": 1556550220000,
    "meta": 1559147208063,
    "relativePath": "prefab/layout.prefab"
  },
  "ddb99b39-7004-47cd-9705-751905c43c46": {
    "asset": 1556550220000,
    "meta": 1559147208064,
    "relativePath": "prefab/light.prefab"
  },
  "ca8401fe-ad6e-41a8-bd46-8e3e4e9945be": {
    "asset": 1556550220000,
    "meta": 1559147208065,
    "relativePath": "prefab/pageview.prefab"
  },
  "cd33edea-55f5-46c2-958d-357a01384a36": {
    "asset": 1556550220000,
    "meta": 1559147208067,
    "relativePath": "prefab/particlesystem.prefab"
  },
  "5965ffac-69da-4b55-bcde-9225d0613c28": {
    "asset": 1556550220000,
    "meta": 1559147208068,
    "relativePath": "prefab/progressBar.prefab"
  },
  "4a37dd57-78cd-4cec-aad4-f11a73d12b63": {
    "asset": 1556550220000,
    "meta": 1559147208070,
    "relativePath": "prefab/richtext.prefab"
  },
  "32044bd2-481f-4cf1-a656-e2b2fb1594eb": {
    "asset": 1556550220000,
    "meta": 1559147208072,
    "relativePath": "prefab/scrollview.prefab"
  },
  "0004d1cf-a0ad-47d8-ab17-34d3db9d35a3": {
    "asset": 1556550220000,
    "meta": 1559147208073,
    "relativePath": "prefab/slider.prefab"
  },
  "1f55e3be-b89b-4b79-88de-47fd31018044": {
    "asset": 1556550220000,
    "meta": 1559147208075,
    "relativePath": "prefab/sprite_splash.prefab"
  },
  "96083d03-c332-4a3f-9386-d03e2d19e8ee": {
    "asset": 1556550220000,
    "meta": 1559147208076,
    "relativePath": "prefab/sprite.prefab"
  },
  "7de03a80-4457-438d-95a7-3e7cdffd6086": {
    "asset": 1556550220000,
    "meta": 1559147208077,
    "relativePath": "prefab/tiledmap.prefab"
  },
  "0e42ba95-1fa1-46aa-b2cf-143cd1bcee2c": {
    "asset": 1556550220000,
    "meta": 1559147208078,
    "relativePath": "prefab/tiledtile.prefab"
  },
  "0d784963-d024-4ea6-a7db-03be0ad63010": {
    "asset": 1556550220000,
    "meta": 1559147208080,
    "relativePath": "prefab/toggle.prefab"
  },
  "bf0a434c-84dd-4a8e-a08a-7a36f180cc75": {
    "asset": 1556550220000,
    "meta": 1559147208082,
    "relativePath": "prefab/toggleContainer.prefab"
  },
  "d1b8be49-b0a0-435c-83b7-552bed4bbe35": {
    "asset": 1556550220000,
    "meta": 1559147208084,
    "relativePath": "prefab/toggleGroup.prefab"
  },
  "232d2782-c4bd-4bb4-9e01-909f03d6d3b9": {
    "asset": 1556550220000,
    "meta": 1559147208085,
    "relativePath": "prefab/videoplayer.prefab"
  },
  "8c5001fd-07ee-4a4b-a8a0-63e15195e94d": {
    "asset": 1556550220000,
    "meta": 1559147208086,
    "relativePath": "prefab/webview.prefab"
  },
  "d8afc78c-4eac-4a9f-83dd-67bc70344d33": {
    "asset": 1556550220000,
    "meta": 1556550220000,
    "relativePath": "resources"
  },
  "294c1663-4adf-4a1e-a795-53808011a38a": {
    "asset": 1556550220000,
    "meta": 1556550220000,
    "relativePath": "resources/effects"
  },
  "430eccbf-bf2c-4e6e-8c0c-884bbb487f32": {
    "asset": 1556550220000,
    "meta": 1559147208135,
    "relativePath": "resources/effects/__builtin-editor-gizmo-line.effect"
  },
  "6c5cf6e1-b044-4eac-9431-835644d57381": {
    "asset": 1556550220000,
    "meta": 1559147208146,
    "relativePath": "resources/effects/__builtin-editor-gizmo-unlit.effect"
  },
  "115286d1-2e10-49ee-aab4-341583f607e8": {
    "asset": 1556550220000,
    "meta": 1559147208180,
    "relativePath": "resources/effects/__builtin-editor-gizmo.effect"
  },
  "c0040c95-c57f-49cd-9cbc-12316b73d0d4": {
    "asset": 1556550220000,
    "meta": 1559147208182,
    "relativePath": "resources/effects/builtin-clear-stencil.effect"
  },
  "144c3297-af63-49e8-b8ef-1cfa29b3be28": {
    "asset": 1556550220000,
    "meta": 1559147208199,
    "relativePath": "resources/effects/builtin-gray-sprite.effect"
  },
  "abc2cb62-7852-4525-a90d-d474487b88f2": {
    "asset": 1556550220000,
    "meta": 1559147208251,
    "relativePath": "resources/effects/builtin-phong.effect"
  },
  "0e93aeaa-0b53-4e40-b8e0-6268b4e07bd7": {
    "asset": 1556550220000,
    "meta": 1559147208256,
    "relativePath": "resources/effects/builtin-spine.effect"
  },
  "2874f8dd-416c-4440-81b7-555975426e93": {
    "asset": 1556550220000,
    "meta": 1559147208262,
    "relativePath": "resources/effects/builtin-sprite.effect"
  },
  "79eafaef-b7ef-45d9-9c3f-591dc836fc7a": {
    "asset": 1556550220000,
    "meta": 1559147208320,
    "relativePath": "resources/effects/builtin-unlit-transparent.effect"
  },
  "6d91e591-4ce0-465c-809f-610ec95019c6": {
    "asset": 1556550220000,
    "meta": 1559147208344,
    "relativePath": "resources/effects/builtin-unlit.effect"
  },
  "bbee2217-c261-49bd-a8ce-708d6bcc3500": {
    "asset": 1556550220000,
    "meta": 1556550220000,
    "relativePath": "resources/materials"
  },
  "cf7e0bb8-a81c-44a9-ad79-d28d43991032": {
    "asset": 1556550220000,
    "meta": 1559147208355,
    "relativePath": "resources/materials/builtin-clear-stencil.mtl"
  },
  "3a7bb79f-32fd-422e-ada2-96f518fed422": {
    "asset": 1556550220000,
    "meta": 1559147208357,
    "relativePath": "resources/materials/builtin-gray-sprite.mtl"
  },
  "c4480a0a-6ac5-443f-8b40-361a14257fc8": {
    "asset": 1556550220000,
    "meta": 1559147208362,
    "relativePath": "resources/materials/builtin-phong.mtl"
  },
  "7afd064b-113f-480e-b793-8817d19f63c3": {
    "asset": 1556550220000,
    "meta": 1559147208366,
    "relativePath": "resources/materials/builtin-spine.mtl"
  },
  "eca5d2f2-8ef6-41c2-bbe6-f9c79d09c432": {
    "asset": 1556550220000,
    "meta": 1559147208367,
    "relativePath": "resources/materials/builtin-sprite.mtl"
  },
  "2a296057-247c-4a1c-bbeb-0548b6c98650": {
    "asset": 1556550220000,
    "meta": 1559147208367,
    "relativePath": "resources/materials/builtin-unlit.mtl"
  },
  "954fec8b-cd16-4bb9-a3b7-7719660e7558": {
    "asset": 1556550220000,
    "meta": 1559147210798,
    "relativePath": "model/primitives.fbx"
  },
  "d4a531a7-627f-48c5-a345-a2d07d58abdc": {
    "asset": 1559155606046,
    "meta": 1559155606060,
    "relativePath": "MainScene.fire"
  },
  "c7b142a8-c9e3-48fd-92c4-c64a04601ac5": {
    "asset": 1559151099663,
    "meta": 1559151099693,
    "relativePath": "Sprites/square-red.jpeg"
  },
  "8b299674-8003-4b6b-bac0-3883678fc74e": {
    "asset": 1559151099663,
    "meta": 1559151099695,
    "relativePath": "Sprites/square-yellow.jpeg"
  },
  "a983d930-0d39-49f3-ba2e-431fccc07f36": {
    "asset": 1559151099663,
    "meta": 1559151099705,
    "relativePath": "Sprites/circle-blue.png"
  },
  "3e2f318b-7973-4c18-a986-1e07f4e08151": {
    "asset": 1559151099663,
    "meta": 1559151099706,
    "relativePath": "Sprites/circle-green.png"
  },
  "7ec65e45-6bc9-45e8-b925-de320c059b9e": {
    "asset": 1559151099663,
    "meta": 1559151099715,
    "relativePath": "Sprites/square-blue.jpeg"
  },
  "024a7bec-5bf8-473b-9977-5b104757fb7c": {
    "asset": 1559151099663,
    "meta": 1559151099717,
    "relativePath": "Sprites/circle-yellow.png"
  },
  "c7dd531f-3ae5-4041-96de-1049edcc1697": {
    "asset": 1559151099663,
    "meta": 1559151099725,
    "relativePath": "Sprites/square-green.jpeg"
  },
  "e49cb257-d5b2-4766-98cf-7d9ad5edffb8": {
    "asset": 1559151099663,
    "meta": 1559151099729,
    "relativePath": "Sprites/circle-red.png"
  },
  "3255a8a7-a497-42b0-9304-a03b24dd95b7": {
    "asset": 1559151719243,
    "meta": 1559151534180,
    "relativePath": "Sprites"
  },
  "21b81513-bddd-4e8d-8663-b42f3bdd34c8": {
    "asset": 1559154675634,
    "meta": 1559154984721,
    "relativePath": "MainScene.js"
  }
}