{
  "version": "1.1.1",
  "windows": {
    "worker": {},
    "main": {
      "main": true,
      "url": "app://editor/index.html",
      "windowType": "dockable",
      "x": 1,
      "y": 23,
      "width": 1679,
      "height": 977,
      "layout": {
        "children": [
          {
            "children": [
              {
                "active": 0,
                "children": [
                  "hierarchy"
                ],
                "height": 421.21875,
                "type": "panel",
                "width": 267.78125
              },
              {
                "active": 0,
                "children": [
                  "assets"
                ],
                "height": 471.78125,
                "type": "panel",
                "width": 267.78125
              }
            ],
            "height": 895,
            "type": "dock-v",
            "width": 267.78125
          },
          {
            "children": [
              {
                "children": [
                  {
                    "active": 0,
                    "children": [
                      "scene"
                    ],
                    "height": 471.78125,
                    "type": "panel",
                    "width": 659.375
                  },
                  {
                    "active": 0,
                    "children": [
                      "node-library"
                    ],
                    "height": 471.78125,
                    "type": "panel",
                    "width": 346.765625
                  }
                ],
                "height": 471.78125,
                "type": "dock-h",
                "width": 1008.140625
              },
              {
                "active": 0,
                "children": [
                  "console",
                  "timeline",
                  "game-window"
                ],
                "height": 421.21875,
                "type": "panel",
                "width": 1008.140625
              }
            ],
            "height": 895,
            "type": "dock-v",
            "width": 1008.140625
          },
          {
            "active": 0,
            "children": [
              "inspector",
              "cocos-services"
            ],
            "height": 895,
            "type": "panel",
            "width": 399.0625
          }
        ],
        "type": "dock-h"
      },
      "panels": [
        "hierarchy",
        "assets",
        "node-library",
        "console",
        "timeline",
        "game-window",
        "inspector",
        "cocos-services",
        "scene"
      ]
    }
  },
  "panels": {}
}