{
  "f8e6b000-5643-4b86-9080-aa680ce1f599": {
    "asset": 1556550220000,
    "meta": 1556550220000,
    "relativePath": "image"
  },
  "71561142-4c83-4933-afca-cb7a17f67053": {
    "asset": 1556550220000,
    "meta": 1559257438173,
    "relativePath": "image/default_btn_disabled.png"
  },
  "e851e89b-faa2-4484-bea6-5c01dd9f06e2": {
    "asset": 1556550220000,
    "meta": 1559257438172,
    "relativePath": "image/default_btn_normal.png"
  },
  "b43ff3c2-02bb-4874-81f7-f2dea6970f18": {
    "asset": 1556550220000,
    "meta": 1559257438181,
    "relativePath": "image/default_btn_pressed.png"
  },
  "edd215b9-2796-4a05-aaf5-81f96c9281ce": {
    "asset": 1556550220000,
    "meta": 1559257438182,
    "relativePath": "image/default_editbox_bg.png"
  },
  "d81ec8ad-247c-4e62-aa3c-d35c4193c7af": {
    "asset": 1556550220000,
    "meta": 1559257438189,
    "relativePath": "image/default_panel.png"
  },
  "99170b0b-d210-46f1-b213-7d9e3f23098a": {
    "asset": 1556550220000,
    "meta": 1559257438190,
    "relativePath": "image/default_progressbar_bg.png"
  },
  "cfef78f1-c8df-49b7-8ed0-4c953ace2621": {
    "asset": 1556550220000,
    "meta": 1559257438198,
    "relativePath": "image/default_progressbar.png"
  },
  "567dcd80-8bf4-4535-8a5a-313f1caf078a": {
    "asset": 1556550220000,
    "meta": 1559257438200,
    "relativePath": "image/default_radio_button_off.png"
  },
  "4bab67cb-18e6-4099-b840-355f0473f890": {
    "asset": 1556550220000,
    "meta": 1559257438207,
    "relativePath": "image/default_scrollbar_bg.png"
  },
  "9d60001f-b5f4-4726-a629-2659e3ded0b8": {
    "asset": 1556550220000,
    "meta": 1559257438208,
    "relativePath": "image/default_radio_button_on.png"
  },
  "d6d3ca85-4681-47c1-b5dd-d036a9d39ea2": {
    "asset": 1556550220000,
    "meta": 1559257438216,
    "relativePath": "image/default_scrollbar_vertical.png"
  },
  "617323dd-11f4-4dd3-8eec-0caf6b3b45b9": {
    "asset": 1556550220000,
    "meta": 1559257438218,
    "relativePath": "image/default_scrollbar_vertical_bg.png"
  },
  "0275e94c-56a7-410f-bd1a-fc7483f7d14a": {
    "asset": 1556550220000,
    "meta": 1559257438225,
    "relativePath": "image/default_sprite_splash.png"
  },
  "0291c134-b3da-4098-b7b5-e397edbe947f": {
    "asset": 1556550220000,
    "meta": 1559257438226,
    "relativePath": "image/default_scrollbar.png"
  },
  "6e056173-d285-473c-b206-40a7fff5386e": {
    "asset": 1556550220000,
    "meta": 1559257438236,
    "relativePath": "image/default_sprite.png"
  },
  "73a0903d-d80e-4e3c-aa67-f999543c08f5": {
    "asset": 1556550220000,
    "meta": 1559257438236,
    "relativePath": "image/default_toggle_checkmark.png"
  },
  "c25b9d50-c8fc-4d27-beeb-6e7c1f2e5c0f": {
    "asset": 1556550220000,
    "meta": 1559257438244,
    "relativePath": "image/default_toggle_disabled.png"
  },
  "d29077ba-1627-4a72-9579-7b56a235340c": {
    "asset": 1556550220000,
    "meta": 1559257438245,
    "relativePath": "image/default_toggle_normal.png"
  },
  "fc09f9bd-2cce-4605-b630-8145ef809ed6": {
    "asset": 1556550220000,
    "meta": 1556550220000,
    "relativePath": "misc"
  },
  "2be36297-9abb-4fee-8049-9ed5e271da8a": {
    "asset": 1556550220000,
    "meta": 1559257438250,
    "relativePath": "misc/default_video.mp4"
  },
  "db019bf7-f71c-4111-98cf-918ea180cb48": {
    "asset": 1556550220000,
    "meta": 1556550220000,
    "relativePath": "model"
  },
  "e39e96e6-6f6e-413f-bcf1-ac7679bb648a": {
    "asset": 1556550220000,
    "meta": 1556550220000,
    "relativePath": "model/prefab"
  },
  "b181c1e4-0a72-4a91-bfb0-ae6f36ca60bd": {
    "asset": 1556550220000,
    "meta": 1559257438252,
    "relativePath": "image/default_toggle_pressed.png"
  },
  "a87cc147-01b2-43f8-8e42-a7ca90b0c757": {
    "asset": 1556550220000,
    "meta": 1559257438256,
    "relativePath": "model/prefab/box.prefab"
  },
  "fe1417b6-fe6b-46a4-ae7c-9fd331f33a2a": {
    "asset": 1556550220000,
    "meta": 1559257438257,
    "relativePath": "model/prefab/capsule.prefab"
  },
  "b5fc2cf2-7942-483d-be1f-bbeadc4714ad": {
    "asset": 1556550220000,
    "meta": 1559257438258,
    "relativePath": "model/prefab/cone.prefab"
  },
  "1c5e4038-953a-44c2-b620-0bbfc6170477": {
    "asset": 1556550220000,
    "meta": 1559257438259,
    "relativePath": "model/prefab/cylinder.prefab"
  },
  "6c9ef10d-b479-420b-bfe6-39cdda6a8ae0": {
    "asset": 1556550220000,
    "meta": 1559257438261,
    "relativePath": "model/prefab/quad.prefab"
  },
  "3f376125-a699-40ca-ad05-04d662eaa1f2": {
    "asset": 1556550220000,
    "meta": 1559257438260,
    "relativePath": "model/prefab/plane.prefab"
  },
  "de510076-056b-484f-b94c-83bef217d0e1": {
    "asset": 1556550220000,
    "meta": 1559257438271,
    "relativePath": "model/prefab/torus.prefab"
  },
  "2d9a4b85-b0ab-4c46-84c5-18f393ab2058": {
    "asset": 1556550220000,
    "meta": 1559257438262,
    "relativePath": "model/prefab/sphere.prefab"
  },
  "f6e6dd15-71d1-4ffe-ace7-24fd39942c05": {
    "asset": 1556550220000,
    "meta": 1556550220000,
    "relativePath": "obsolete"
  },
  "8a96b965-2dc0-4e03-aa90-3b79cb93b5b4": {
    "asset": 1556550220000,
    "meta": 1559257438281,
    "relativePath": "obsolete/atom.png"
  },
  "f743d2b6-b7ea-4c14-a55b-547ed4d0a045": {
    "asset": 1556550220000,
    "meta": 1556550220000,
    "relativePath": "particle"
  },
  "b8223619-7e38-47c4-841f-9160c232495a": {
    "asset": 1556550220000,
    "meta": 1559257438567,
    "relativePath": "obsolete/atom.plist"
  },
  "d0a82d39-bede-46c4-b698-c81ff0dedfff": {
    "asset": 1556550220000,
    "meta": 1559257438289,
    "relativePath": "particle/atom.png"
  },
  "ae6c6c98-11e4-452f-8758-75f5c6a56e83": {
    "asset": 1556550220000,
    "meta": 1556550220000,
    "relativePath": "prefab"
  },
  "b2687ac4-099e-403c-a192-ff477686f4f5": {
    "asset": 1556550220000,
    "meta": 1559257438568,
    "relativePath": "particle/atom.plist"
  },
  "972b9a4d-47ee-4c74-b5c3-61d8a69bc29f": {
    "asset": 1556550220000,
    "meta": 1559257438290,
    "relativePath": "prefab/button.prefab"
  },
  "897ef7a1-4860-4f64-968d-f5924b18668a": {
    "asset": 1556550220000,
    "meta": 1559257438292,
    "relativePath": "prefab/camera.prefab"
  },
  "2c937608-2562-40ea-b264-7395df6f0cea": {
    "asset": 1556550220000,
    "meta": 1559257438294,
    "relativePath": "prefab/canvas.prefab"
  },
  "61aeb05b-3b32-452b-8eed-2b76deeed554": {
    "asset": 1556550220000,
    "meta": 1559257438295,
    "relativePath": "prefab/editbox.prefab"
  },
  "27756ebb-3d33-44b0-9b96-e858fadd4dd4": {
    "asset": 1556550220000,
    "meta": 1559257438296,
    "relativePath": "prefab/label.prefab"
  },
  "785a442c-3ceb-45be-a46e-7317f625f3b9": {
    "asset": 1556550220000,
    "meta": 1559257438298,
    "relativePath": "prefab/layout.prefab"
  },
  "ddb99b39-7004-47cd-9705-751905c43c46": {
    "asset": 1556550220000,
    "meta": 1559257438299,
    "relativePath": "prefab/light.prefab"
  },
  "ca8401fe-ad6e-41a8-bd46-8e3e4e9945be": {
    "asset": 1556550220000,
    "meta": 1559257438301,
    "relativePath": "prefab/pageview.prefab"
  },
  "cd33edea-55f5-46c2-958d-357a01384a36": {
    "asset": 1556550220000,
    "meta": 1559257438303,
    "relativePath": "prefab/particlesystem.prefab"
  },
  "5965ffac-69da-4b55-bcde-9225d0613c28": {
    "asset": 1556550220000,
    "meta": 1559257438305,
    "relativePath": "prefab/progressBar.prefab"
  },
  "4a37dd57-78cd-4cec-aad4-f11a73d12b63": {
    "asset": 1556550220000,
    "meta": 1559257438306,
    "relativePath": "prefab/richtext.prefab"
  },
  "32044bd2-481f-4cf1-a656-e2b2fb1594eb": {
    "asset": 1556550220000,
    "meta": 1559257438307,
    "relativePath": "prefab/scrollview.prefab"
  },
  "0004d1cf-a0ad-47d8-ab17-34d3db9d35a3": {
    "asset": 1556550220000,
    "meta": 1559257438309,
    "relativePath": "prefab/slider.prefab"
  },
  "1f55e3be-b89b-4b79-88de-47fd31018044": {
    "asset": 1556550220000,
    "meta": 1559257438311,
    "relativePath": "prefab/sprite_splash.prefab"
  },
  "96083d03-c332-4a3f-9386-d03e2d19e8ee": {
    "asset": 1556550220000,
    "meta": 1559257438312,
    "relativePath": "prefab/sprite.prefab"
  },
  "7de03a80-4457-438d-95a7-3e7cdffd6086": {
    "asset": 1556550220000,
    "meta": 1559257438313,
    "relativePath": "prefab/tiledmap.prefab"
  },
  "0e42ba95-1fa1-46aa-b2cf-143cd1bcee2c": {
    "asset": 1556550220000,
    "meta": 1559257438314,
    "relativePath": "prefab/tiledtile.prefab"
  },
  "0d784963-d024-4ea6-a7db-03be0ad63010": {
    "asset": 1556550220000,
    "meta": 1559257438315,
    "relativePath": "prefab/toggle.prefab"
  },
  "bf0a434c-84dd-4a8e-a08a-7a36f180cc75": {
    "asset": 1556550220000,
    "meta": 1559257438317,
    "relativePath": "prefab/toggleContainer.prefab"
  },
  "d1b8be49-b0a0-435c-83b7-552bed4bbe35": {
    "asset": 1556550220000,
    "meta": 1559257438319,
    "relativePath": "prefab/toggleGroup.prefab"
  },
  "232d2782-c4bd-4bb4-9e01-909f03d6d3b9": {
    "asset": 1556550220000,
    "meta": 1559257438321,
    "relativePath": "prefab/videoplayer.prefab"
  },
  "8c5001fd-07ee-4a4b-a8a0-63e15195e94d": {
    "asset": 1556550220000,
    "meta": 1559257438322,
    "relativePath": "prefab/webview.prefab"
  },
  "d8afc78c-4eac-4a9f-83dd-67bc70344d33": {
    "asset": 1556550220000,
    "meta": 1556550220000,
    "relativePath": "resources"
  },
  "294c1663-4adf-4a1e-a795-53808011a38a": {
    "asset": 1556550220000,
    "meta": 1556550220000,
    "relativePath": "resources/effects"
  },
  "430eccbf-bf2c-4e6e-8c0c-884bbb487f32": {
    "asset": 1556550220000,
    "meta": 1559257438373,
    "relativePath": "resources/effects/__builtin-editor-gizmo-line.effect"
  },
  "6c5cf6e1-b044-4eac-9431-835644d57381": {
    "asset": 1556550220000,
    "meta": 1559257438387,
    "relativePath": "resources/effects/__builtin-editor-gizmo-unlit.effect"
  },
  "115286d1-2e10-49ee-aab4-341583f607e8": {
    "asset": 1556550220000,
    "meta": 1559257438422,
    "relativePath": "resources/effects/__builtin-editor-gizmo.effect"
  },
  "c0040c95-c57f-49cd-9cbc-12316b73d0d4": {
    "asset": 1556550220000,
    "meta": 1559257438426,
    "relativePath": "resources/effects/builtin-clear-stencil.effect"
  },
  "144c3297-af63-49e8-b8ef-1cfa29b3be28": {
    "asset": 1556550220000,
    "meta": 1559257438430,
    "relativePath": "resources/effects/builtin-gray-sprite.effect"
  },
  "abc2cb62-7852-4525-a90d-d474487b88f2": {
    "asset": 1556550220000,
    "meta": 1559257438487,
    "relativePath": "resources/effects/builtin-phong.effect"
  },
  "0e93aeaa-0b53-4e40-b8e0-6268b4e07bd7": {
    "asset": 1556550220000,
    "meta": 1559257438492,
    "relativePath": "resources/effects/builtin-spine.effect"
  },
  "2874f8dd-416c-4440-81b7-555975426e93": {
    "asset": 1556550220000,
    "meta": 1559257438503,
    "relativePath": "resources/effects/builtin-sprite.effect"
  },
  "79eafaef-b7ef-45d9-9c3f-591dc836fc7a": {
    "asset": 1556550220000,
    "meta": 1559257438519,
    "relativePath": "resources/effects/builtin-unlit-transparent.effect"
  },
  "6d91e591-4ce0-465c-809f-610ec95019c6": {
    "asset": 1556550220000,
    "meta": 1559257438532,
    "relativePath": "resources/effects/builtin-unlit.effect"
  },
  "bbee2217-c261-49bd-a8ce-708d6bcc3500": {
    "asset": 1556550220000,
    "meta": 1556550220000,
    "relativePath": "resources/materials"
  },
  "cf7e0bb8-a81c-44a9-ad79-d28d43991032": {
    "asset": 1556550220000,
    "meta": 1559257438536,
    "relativePath": "resources/materials/builtin-clear-stencil.mtl"
  },
  "3a7bb79f-32fd-422e-ada2-96f518fed422": {
    "asset": 1556550220000,
    "meta": 1559257438539,
    "relativePath": "resources/materials/builtin-gray-sprite.mtl"
  },
  "c4480a0a-6ac5-443f-8b40-361a14257fc8": {
    "asset": 1556550220000,
    "meta": 1559257438541,
    "relativePath": "resources/materials/builtin-phong.mtl"
  },
  "7afd064b-113f-480e-b793-8817d19f63c3": {
    "asset": 1556550220000,
    "meta": 1559257438544,
    "relativePath": "resources/materials/builtin-spine.mtl"
  },
  "eca5d2f2-8ef6-41c2-bbe6-f9c79d09c432": {
    "asset": 1556550220000,
    "meta": 1559257438548,
    "relativePath": "resources/materials/builtin-sprite.mtl"
  },
  "2a296057-247c-4a1c-bbeb-0548b6c98650": {
    "asset": 1556550220000,
    "meta": 1559257438548,
    "relativePath": "resources/materials/builtin-unlit.mtl"
  },
  "954fec8b-cd16-4bb9-a3b7-7719660e7558": {
    "asset": 1556550220000,
    "meta": 1559257440965,
    "relativePath": "model/primitives.fbx"
  },
  "39a4408e-8e65-4774-961f-8d27ac58f18f": {
    "asset": 1559257815467,
    "meta": 1559257815483,
    "relativePath": "MainScene.fire"
  },
  "ef0acf7b-9748-4e6e-a57e-321f2dbd5b99": {
    "asset": 1559239938860,
    "meta": 1559239938882,
    "relativePath": "Sprites/square-yellow.jpeg"
  },
  "507ef868-a39f-4c46-aeed-26e16b9f9f3c": {
    "asset": 1559239938860,
    "meta": 1559239938884,
    "relativePath": "Sprites/circle-blue.png"
  },
  "921c8241-8010-45ad-9891-289be5ccb9da": {
    "asset": 1559239938860,
    "meta": 1559239938894,
    "relativePath": "Sprites/square-red.jpeg"
  },
  "8498cace-136a-40ac-92cb-4d36041df12b": {
    "asset": 1559239938860,
    "meta": 1559239938897,
    "relativePath": "Sprites/circle-green.png"
  },
  "fe025923-b378-43a4-a87a-98cdf09617c8": {
    "asset": 1559239938860,
    "meta": 1559239938905,
    "relativePath": "Sprites/circle-yellow.png"
  },
  "803f7c5b-7f5d-422f-a030-0f14316775ce": {
    "asset": 1559239938860,
    "meta": 1559239938908,
    "relativePath": "Sprites/circle-red.png"
  },
  "401c02f8-b75c-4b34-878f-5b901ff77bd3": {
    "asset": 1559239938860,
    "meta": 1559239938912,
    "relativePath": "Sprites/square-green.jpeg"
  },
  "fc674fa2-84f0-41ac-bb6d-b7e78850a612": {
    "asset": 1559239938860,
    "meta": 1559239938918,
    "relativePath": "Sprites/square-blue.jpeg"
  },
  "364e742b-9b62-40f1-97c8-2ec35ff082b5": {
    "asset": 1559239959389,
    "meta": 1559239944375,
    "relativePath": "Sprites"
  },
  "ae3193fc-eb65-40bb-b3f1-21ee1b9c88f9": {
    "asset": 1559240081816,
    "meta": 1559240082364,
    "relativePath": "MainScene.js"
  },
  "f53f63eb-bdb4-4c21-8b4c-a2640d3318f6": {
    "asset": 1559263205086,
    "meta": 1559263205093,
    "relativePath": "OptionsScene.fire"
  },
  "a6b2317c-5296-41a0-9105-fbe768b4715a": {
    "asset": 1559258600873,
    "meta": 1559258602832,
    "relativePath": "OptionsScene.js"
  }
}